[
    {
        "red": {
            "light": {
                "primary": "#ffabab",
                "background": "#f2b8b8",
                "menus": "#f79494"
            },

            "dark": {
                "primary": "#590808",
                "background": "#450a0a",
                "menus": "#6e0e0e"
            }
        }
    },
    {
        "green": {
            "light": {
                "primary": "#bbd9b8",
                "background": "#d2e6d1",
                "menus": "#a6c7a3"
            },

            "dark": {
                "primary": "#145c1d",
                "background": "#053b0c",
                "menus": "#056610"
            }
        }
    },
    {
        "blue": {
            "light": {
                "primary": "#cbeaf2",
                "background": "#dff6f7",
                "menus": "#c3e1e8"
            },

            "dark": {
                "primary": "#073761",
                "background": "#03223d",
                "menus": "#0d477a"
            }
        }
    },
    {
        "purple": {
            "light": {
                "primary": "#cac0e2",
                "background": "#d7cdec",
                "menus": "#b6a8d6"
            },

            "dark": {
                "primary": "#2a1463",
                "background": "#190a40",
                "menus": "#362169"
            }
        }
    },
    {
        "pink": {
            "light": {
                "primary": "#ecc5dc",
                "background": "#e9cfde",
                "menus": "#e0bad0"
            },

            "dark": {
                "primary": "#610d3a",
                "background": "#3b0522",
                "menus": "#7a1149"
            }
        }
    },
    {
        "tan": {
            "light": {
                "primary": "#decaad",
                "background": "#ebdac3",
                "menus": "#cfba9d"
            },

            "dark": {
                "primary": "#6b4619",
                "background": "#422a0d",
                "menus": "#754f20"
            }
        }
    },
    {
        "default": {
            "light": {
                "primary": "#ededed",
                "background": "#fafafa",
                "menus": "#e0e0e0"
            },

            "dark": {
                "primary": "#363636",
                "background": "#1a1a1a",
                "menus": "#474747"
            }
        }
    }
]